letter	value
min	29630.76683
avg	74510.21402
max	206381.757
