letter	value
min	10883.66246
avg	16603.35283
max	36167.33654